nama_kos,lokasi,kota,harga,tipe_kos,Kasur,AC,WiFi,K. Mandi Dalam,Kloset Duduk,Lemari,Meja,Dapur,Parkir Motor,Parkir Mobil,Mesin Cuci,Laundry,Akses 24 Jam,Air Panas
Kost Rumah Deka Tipe A,Pondok Aren,Surabaya,Rp514.600,Putra,Ada,Tidak,Ada,Tidak,Tidak,Tidak,Tidak,Tidak,Tidak,Tidak,Tidak,Tidak,Ada,Tidak
Kost Perkici IV STAN Tipe A Bintaro,Pondok Aren,Surabaya,Rp1.200.000,Putri,Ada,Ada,Ada,Tidak,Ada,Tidak,Tidak,Tidak,Tidak,Tidak,Tidak,Tidak,Tidak,Tidak
Kost Al Karim STAN Tipe B,Pondok Aren,Surabaya,Rp735.500,Putri,Ada,Tidak,Ada,Ada,Tidak,Tidak,Tidak,Tidak,Tidak,Tidak,Tidak,Tidak,Ada,Tidak
Kost Bokis 1 Bintaro Tipe A,Pondok Aren,Surabaya,Rp535.300,Putri,Ada,Tidak,Ada,Tidak,Ada,Tidak,Tidak,Tidak,Tidak,Tidak,Tidak,Tidak,Ada,Tidak
Kost Putri Mawar PJMI Tipe B Bintaro,Kecamatan Pondok Aren,Surabaya,Rp1.375.000,Putri,Ada,Ada,Ada,Ada,Ada,Tidak,Tidak,Tidak,Tidak,Tidak,Tidak,Tidak,Ada,Tidak
Kost Ravanti Tipe B,Kecamatan Ciputat Timur,Surabaya,Rp1.625.000,Putri,Ada,Ada,Ada,Ada,Ada,Tidak,Tidak,Tidak,Tidak,Tidak,Tidak,Tidak,Ada,Tidak
Kost Hitz Tipe F2,Kecamatan Pondok Aren,Surabaya,Rp1.620.000,Putri,Ada,Ada,Ada,Ada,Ada,Tidak,Tidak,Tidak,Tidak,Tidak,Tidak,Tidak,Ada,Tidak
Kost Bunda Femmy Tipe A,Ciputat Timur,Surabaya,Rp1.140.000,Putri,Ada,Ada,Ada,Ada,Tidak,Tidak,Tidak,Tidak,Tidak,Tidak,Tidak,Tidak,Ada,Tidak
Kost Puter Bintaro Jaya Sektor 5 Tipe A,Pondok Aren,Surabaya,Rp1.700.000,Putri,Ada,Ada,Ada,Ada,Ada,Tidak,Tidak,Tidak,Tidak,Tidak,Tidak,Tidak,Ada,Tidak
Kost Griya Tentrem Bintaro Tipe B,Pondok Aren,Surabaya,Rp858.000,Campur,Ada,Tidak,Ada,Tidak,Tidak,Tidak,Tidak,Tidak,Tidak,Tidak,Tidak,Tidak,Tidak,Tidak
Kost STAN Tipe A Jurang Mangu,Pondok Aren,Surabaya,Rp1.325.000,Campur,Ada,Ada,Ada,Ada,Ada,Tidak,Tidak,Tidak,Tidak,Tidak,Tidak,Tidak,Ada,Tidak
Kost Mandar IV Bintaro Tipe A,Pondok Aren,Surabaya,Rp1.985.000,Putri,Ada,Ada,Ada,Ada,Ada,Tidak,Tidak,Tidak,Tidak,Tidak,Tidak,Tidak,Ada,Tidak
Kost Al Karim STAN Tipe C,Pondok Aren,Surabaya,Rp862.900,Putri,Ada,Ada,Ada,Tidak,Tidak,Tidak,Tidak,Tidak,Tidak,Tidak,Tidak,Tidak,Ada,Tidak
Kost STAN Bintaro Andalusia Tipe A,Kecamatan Pondok Aren,Surabaya,Rp1.425.000,Putra,Ada,Ada,Ada,Ada,Ada,Tidak,Tidak,Tidak,Tidak,Tidak,Tidak,Tidak,Tidak,Tidak
Kost Putri Mawar PJMI Tipe C Bintaro,Pondok Aren,Surabaya,Rp1.125.000,Putri,Ada,Ada,Ada,Ada,Ada,Tidak,Tidak,Tidak,Tidak,Tidak,Tidak,Tidak,Ada,Tidak
Kost Mpok Ima,Pondok Aren,Surabaya,Rp1.000.000,Putri,Ada,Tidak,Ada,Ada,Tidak,Tidak,Tidak,Tidak,Tidak,Tidak,Tidak,Tidak,Ada,Tidak
Kost STAN Bintaro Andalusia Tipe B,Kecamatan Pondok Aren,Surabaya,Rp1.495.000,Putra,Ada,Ada,Ada,Ada,Ada,Tidak,Tidak,Tidak,Tidak,Tidak,Tidak,Tidak,Tidak,Tidak
Kost Ravanti Tipe A,Kecamatan Ciputat Timur,Surabaya,Rp1.402.500,Putri,Ada,Ada,Ada,Ada,Ada,Tidak,Tidak,Tidak,Tidak,Tidak,Tidak,Tidak,Ada,Tidak
Kost STAN Bintaro Andalusia Tipe C,Pondok Aren,Surabaya,Rp1.103.000,Putra,Ada,Tidak,Ada,Ada,Ada,Tidak,Tidak,Tidak,Tidak,Tidak,Tidak,Tidak,Tidak,Tidak
Kost Nako Tipe A,Pondok Aren,Surabaya,Rp1.600.000,Putri,Ada,Ada,Ada,Ada,Ada,Tidak,Tidak,Tidak,Tidak,Tidak,Tidak,Tidak,Tidak,Tidak
Kost Al Karim STAN Tipe A,Pondok Aren,Surabaya,Rp1.215.700,Putri,Ada,Ada,Ada,Ada,Ada,Tidak,Tidak,Tidak,Tidak,Tidak,Tidak,Tidak,Ada,Tidak
Kost Alvania Tipe B,Ciputat Timur,Surabaya,Rp1.650.000,Putri,Ada,Ada,Ada,Ada,Ada,Tidak,Tidak,Tidak,Tidak,Tidak,Tidak,Tidak,Tidak,Tidak
Kost Jm Tipe B,Pondok Aren,Surabaya,Rp800.000,Putra,Ada,Ada,Ada,Tidak,Tidak,Tidak,Tidak,Tidak,Tidak,Tidak,Tidak,Tidak,Ada,Tidak
Kost Kamila Sawah Baru Tipe B,Ciputat,Surabaya,Rp1.395.000,Putri,Ada,Ada,Ada,Ada,Ada,Tidak,Tidak,Tidak,Tidak,Tidak,Tidak,Tidak,Ada,Tidak
Kost Ridwan I,Ciputat,Surabaya,Rp1.250.000,Putri,Ada,Ada,Ada,Ada,Ada,Tidak,Tidak,Tidak,Tidak,Tidak,Tidak,Tidak,Ada,Tidak
Kost Almafa Exclusive,Ciputat,Surabaya,Rp1.300.000,Putri,Ada,Ada,Ada,Ada,Tidak,Tidak,Tidak,Tidak,Tidak,Tidak,Tidak,Tidak,Ada,Tidak
Kost Griyo Kulo Tipe C,Ciputat Timur,Surabaya,Rp1.230.000,Putri,Ada,Ada,Ada,Tidak,Ada,Tidak,Tidak,Tidak,Tidak,Tidak,Tidak,Tidak,Ada,Tidak
Kost Niaga STAN Tipe B,Pondok Aren,Surabaya,Rp990.000,Putri,Ada,Ada,Ada,Ada,Tidak,Tidak,Tidak,Tidak,Tidak,Tidak,Tidak,Tidak,Ada,Tidak
Kost Niaga STAN Tipe C,Pondok Aren,Surabaya,Rp765.000,Putri,Ada,Tidak,Ada,Ada,Tidak,Tidak,Tidak,Tidak,Tidak,Tidak,Tidak,Tidak,Ada,Tidak
Kost Hitz Tipe B,Kecamatan Pondok Aren,Surabaya,Rp1.700.000,Putri,Ada,Ada,Ada,Ada,Ada,Tidak,Tidak,Tidak,Tidak,Tidak,Tidak,Tidak,Ada,Tidak
Kost Sunday Bintaro Executive,Kecamatan Pondok Aren,Surabaya,Rp1.850.000,Putri,Ada,Ada,Ada,Ada,Ada,Tidak,Tidak,Tidak,Tidak,Tidak,Tidak,Tidak,Ada,Tidak
Kost Hitz Tipe A,Kecamatan Pondok Aren,Surabaya,Rp1.300.000,Putri,Ada,Ada,Ada,Tidak,Ada,Tidak,Tidak,Tidak,Tidak,Tidak,Tidak,Tidak,Ada,Tidak
Kost Ibu Yayah,Kecamatan Pondok Aren,Surabaya,Rp900.000,Campur,Ada,Tidak,Ada,Ada,Tidak,Tidak,Tidak,Tidak,Tidak,Tidak,Tidak,Tidak,Tidak,Tidak
Kost Alvania Tipe A,Ciputat Timur,Surabaya,Rp1.700.000,Putri,Ada,Ada,Ada,Ada,Ada,Tidak,Tidak,Tidak,Tidak,Tidak,Tidak,Tidak,Ada,Tidak
Kost Ombas,Kecamatan Pondok Aren,Surabaya,Rp700.000,Putra,Ada,Tidak,Ada,Ada,Tidak,Tidak,Tidak,Tidak,Tidak,Tidak,Tidak,Tidak,Ada,Tidak
Kost Tiara Asrii Tipe B,Kecamatan Pondok Aren,Surabaya,Rp1.700.000,Putri,Tidak,Ada,Ada,Ada,Ada,Tidak,Tidak,Tidak,Tidak,Tidak,Tidak,Tidak,Tidak,Tidak
Kost Niaga STAN Tipe A,Pondok Aren,Surabaya,Rp999.000,Putri,Ada,Ada,Ada,Ada,Tidak,Tidak,Tidak,Tidak,Tidak,Tidak,Tidak,Tidak,Ada,Tidak
Kost Griya Tentrem Bintaro Tipe A,Pondok Aren,Surabaya,Rp725.000,Campur,Ada,Tidak,Ada,Tidak,Tidak,Tidak,Tidak,Tidak,Tidak,Tidak,Tidak,Tidak,Tidak,Tidak
Kost Bu Hj Sarmi Tipe A,Kecamatan Pondok Aren,Surabaya,Rp650.000,Putra,Ada,Tidak,Tidak,Tidak,Tidak,Tidak,Tidak,Tidak,Tidak,Tidak,Tidak,Tidak,Tidak,Tidak
Kost Bintaro Sektor 3A Dekat STAN Tipe C,Kecamatan Pondok Aren,Surabaya,Rp1.800.000,Campur,Ada,Ada,Tidak,Ada,Ada,Tidak,Tidak,Tidak,Tidak,Tidak,Tidak,Tidak,Tidak,Tidak
Kost Niaga STAN Tipe D,Pondok Aren,Surabaya,Rp585.000,Putri,Ada,Tidak,Ada,Tidak,Tidak,Tidak,Tidak,Tidak,Tidak,Tidak,Tidak,Tidak,Ada,Tidak
Kost STAN Bintaro Andalusia Tipe D,Pondok Aren,Surabaya,Rp1.225.000,Putra,Ada,Tidak,Ada,Ada,Ada,Tidak,Tidak,Tidak,Tidak,Tidak,Tidak,Tidak,Tidak,Tidak
Kost Alvania Tipe D,Ciputat Timur,Surabaya,Rp1.650.000,Putri,Ada,Ada,Ada,Ada,Ada,Tidak,Tidak,Tidak,Tidak,Tidak,Tidak,Tidak,Tidak,Tidak
Kost Bintaro Sektor 9,Kecamatan Ciputat,Surabaya,Rp1.800.000,Campur,Ada,Ada,Ada,Ada,Tidak,Tidak,Tidak,Tidak,Tidak,Tidak,Tidak,Tidak,Tidak,Tidak
Kost Putri Mawar PJMI Tipe A Bintaro,Kecamatan Pondok Aren,Surabaya,Rp1.475.000,Putri,Ada,Ada,Ada,Ada,Ada,Tidak,Tidak,Tidak,Tidak,Tidak,Tidak,Tidak,Ada,Tidak
Kost Arum Asri 1 Tipe Kmd,Kecamatan Pondok Aren,Surabaya,Rp900.000,Putra,Ada,Tidak,Ada,Ada,Tidak,Tidak,Tidak,Tidak,Tidak,Tidak,Tidak,Tidak,Ada,Tidak
Kost Griya Ismah Tipe Vip,Ciputat Timur,Surabaya,Rp900.000,Putri,Ada,Tidak,Tidak,Tidak,Ada,Tidak,Tidak,Tidak,Tidak,Tidak,Tidak,Tidak,Ada,Tidak
Kost Marina,Kecamatan Pondok Aren,Surabaya,Rp900.000,Putri,Ada,Tidak,Tidak,Ada,Tidak,Tidak,Tidak,Tidak,Tidak,Tidak,Tidak,Tidak,Ada,Tidak
Kost Baru STAN,Pondok Aren,Surabaya,Rp1.000.000,Putra,Ada,Ada,Ada,Ada,Tidak,Tidak,Tidak,Tidak,Tidak,Tidak,Tidak,Tidak,Tidak,Tidak
Kost Griya 17,Kecamatan Pondok Aren,Surabaya,Rp1.250.000,Putri,Ada,Ada,Ada,Ada,Ada,Tidak,Tidak,Tidak,Tidak,Tidak,Tidak,Tidak,Ada,Tidak
Kost STAN Tipe B Jurang Mangu,Pondok Aren,Surabaya,Rp925.000,Campur,Ada,Tidak,Ada,Ada,Ada,Tidak,Tidak,Tidak,Tidak,Tidak,Tidak,Tidak,Ada,Tidak
Kost Garuda 8,Ciputat,Surabaya,Rp1.500.000,Campur,Ada,Ada,Ada,Ada,Ada,Tidak,Tidak,Tidak,Tidak,Tidak,Tidak,Tidak,Tidak,Tidak
Kost Asoka D215 Tipe Ac,Ciputat,Surabaya,Rp1.200.000,Putri,Ada,Ada,Tidak,Tidak,Ada,Tidak,Tidak,Tidak,Tidak,Tidak,Tidak,Tidak,Tidak,Tidak
Kost Bu Wulan,Kecamatan Ciputat Timur,Surabaya,Rp1.200.000,Putri,Ada,Ada,Tidak,Tidak,Ada,Tidak,Tidak,Tidak,Tidak,Tidak,Tidak,Tidak,Tidak,Tidak
Kost Bunda Ica Tipe A,Kecamatan Ciputat,Surabaya,Rp600.000,Putri,Ada,Tidak,Tidak,Ada,Tidak,Tidak,Tidak,Tidak,Tidak,Tidak,Tidak,Tidak,Tidak,Tidak
Kost Sistraa Tipe A,Kecamatan Ciputat,Surabaya,Rp1.700.000,Putri,Ada,Ada,Ada,Ada,Ada,Tidak,Tidak,Tidak,Tidak,Tidak,Tidak,Tidak,Ada,Tidak
Kost Syifa Standart,Kecamatan Ciputat,Surabaya,Rp1.350.000,Putri,Ada,Ada,Ada,Ada,Ada,Tidak,Tidak,Tidak,Tidak,Tidak,Tidak,Tidak,Ada,Tidak
Kost Mama Eel,Ciputat Timur,Surabaya,Rp1.500.000,Campur,Ada,Ada,Ada,Ada,Ada,Tidak,Tidak,Tidak,Tidak,Tidak,Tidak,Tidak,Tidak,Tidak
Kost Griya Embassy Tipe A,Pondok Aren,Surabaya,Rp700.000,Putra,Ada,Tidak,Ada,Ada,Ada,Tidak,Tidak,Tidak,Tidak,Tidak,Tidak,Tidak,Ada,Tidak
Kost Sumber Rejeki Selatan,Pondok Aren,Surabaya,Rp900.000,Campur,Ada,Tidak,Tidak,Ada,Tidak,Tidak,Tidak,Tidak,Tidak,Tidak,Tidak,Tidak,Tidak,Tidak
Kost The Rajwa Bintaro Selatan,Pondok Aren,Surabaya,Rp1.500.000,Putri,Ada,Ada,Ada,Tidak,Ada,Tidak,Tidak,Tidak,Tidak,Tidak,Tidak,Tidak,Ada,Tidak
Kost Hepi Golaq Tipe A,Pondok Aren,Surabaya,Rp1.200.000,Putra,Tidak,Tidak,Ada,Ada,Ada,Tidak,Tidak,Tidak,Tidak,Tidak,Tidak,Tidak,Ada,Tidak
Kost Orange,Pondok Aren,Surabaya,Rp750.000,Putra,Ada,Tidak,Ada,Ada,Tidak,Tidak,Tidak,Tidak,Tidak,Tidak,Tidak,Tidak,Tidak,Tidak
Kost Grand Living Stan,Kecamatan Pondok Aren,Surabaya,Rp1.500.000,Putri,Ada,Ada,Ada,Ada,Ada,Tidak,Tidak,Tidak,Tidak,Tidak,Tidak,Tidak,Ada,Tidak
Kost Azka Tipe A1,Ciputat Timur,Surabaya,Rp1.200.000,Putri,Ada,Ada,Ada,Ada,Ada,Tidak,Tidak,Tidak,Tidak,Tidak,Tidak,Tidak,Tidak,Tidak
Kost Griya Tentrem Bintaro Tipe C,Pondok Aren,Surabaya,Rp956.000,Campur,Ada,Tidak,Ada,Tidak,Tidak,Tidak,Tidak,Tidak,Tidak,Tidak,Tidak,Tidak,Tidak,Tidak
Kost Kamila Sawah Baru Tipe A,Ciputat,Surabaya,Rp1.674.000,Putri,Ada,Ada,Ada,Ada,Ada,Tidak,Tidak,Tidak,Tidak,Tidak,Tidak,Tidak,Ada,Tidak
Kost Bu Neneng Tipe 1,Pondok Aren,Surabaya,Rp1.200.000,Putri,Ada,Ada,Tidak,Ada,Ada,Tidak,Tidak,Tidak,Tidak,Tidak,Tidak,Tidak,Tidak,Tidak
Kost Asri,Ciputat,Surabaya,Rp1.000.000,Putri,Ada,Tidak,Ada,Ada,Ada,Tidak,Tidak,Tidak,Tidak,Tidak,Tidak,Tidak,Ada,Tidak
Kost Pondok Jaya Bintaro,Pondok Aren,Surabaya,Rp1.250.000,Putri,Ada,Ada,Ada,Ada,Ada,Tidak,Tidak,Tidak,Tidak,Tidak,Tidak,Tidak,Ada,Tidak
Kost Ini Tipe A,Ciputat,Surabaya,Rp2.100.000,Campur,Ada,Ada,Ada,Ada,Ada,Tidak,Tidak,Tidak,Tidak,Tidak,Tidak,Tidak,Tidak,Tidak
Kost Hernawan Tipe B,Kecamatan Ciputat,Surabaya,Rp1.350.000,Putri,Ada,Ada,Ada,Ada,Ada,Tidak,Tidak,Tidak,Tidak,Tidak,Tidak,Tidak,Ada,Tidak
Kost Al Izzah Tipe C,Kecamatan Pondok Aren,Surabaya,Rp385.000,Putra,Ada,Tidak,Tidak,Tidak,Tidak,Tidak,Tidak,Tidak,Tidak,Tidak,Tidak,Tidak,Tidak,Tidak
Kost Fatimah,Pondok Aren,Surabaya,Rp800.000,Putri,Ada,Tidak,Ada,Ada,Ada,Tidak,Tidak,Tidak,Tidak,Tidak,Tidak,Tidak,Ada,Tidak
Kost Ibu Noi Tipe A,Kecamatan Pondok Aren,Surabaya,Rp1.000.000,Putri,Ada,Ada,Ada,Ada,Tidak,Tidak,Tidak,Tidak,Tidak,Tidak,Tidak,Tidak,Ada,Tidak
Kost Kasira Residence Bintaro Deluxe,Ciputat Timur,Surabaya,Rp5.500.000,Campur,Ada,Ada,Ada,Ada,Ada,Tidak,Tidak,Tidak,Tidak,Tidak,Tidak,Tidak,Tidak,Tidak
Kost White House,Ciputat Timur,Surabaya,Rp1.050.000,Putri,Ada,Tidak,Tidak,Tidak,Ada,Tidak,Tidak,Tidak,Tidak,Tidak,Tidak,Tidak,Tidak,Tidak
Kost Haji Uwin,Kecamatan Ciputat Timur,Surabaya,Rp800.000,Putra,Ada,Tidak,Tidak,Tidak,Tidak,Tidak,Tidak,Tidak,Tidak,Tidak,Tidak,Tidak,Tidak,Tidak
Kost Griya Arnay 1,Kecamatan Ciputat,Surabaya,Rp1.200.000,Campur,Tidak,Tidak,Tidak,Ada,Tidak,Tidak,Tidak,Tidak,Tidak,Tidak,Tidak,Tidak,Ada,Tidak
Kost Rumah Ibu Tipe Ac,Kecamatan Pondok Aren,Surabaya,Rp1.300.000,Putri,Ada,Ada,Ada,Ada,Ada,Tidak,Tidak,Tidak,Tidak,Tidak,Tidak,Tidak,Ada,Tidak
Kost Bunda Aya,Kecamatan Ciputat,Surabaya,Rp1.600.000,Campur,Ada,Ada,Ada,Ada,Ada,Tidak,Tidak,Tidak,Tidak,Tidak,Tidak,Tidak,Tidak,Tidak
Kost Btx 31,Ciputat,Surabaya,Rp1.800.000,Campur,Ada,Ada,Ada,Ada,Ada,Tidak,Tidak,Tidak,Tidak,Tidak,Tidak,Tidak,Ada,Tidak
Kost Cendana Bintaro Jaya Sektor 9 Tipe A,Pondok Aren,Surabaya,Rp2.000.000,Putra,Ada,Ada,Ada,Ada,Ada,Tidak,Tidak,Tidak,Tidak,Tidak,Tidak,Tidak,Tidak,Tidak
Kost Mawar 88 Tipe B Premium,Pondok Aren,Surabaya,Rp2.400.000,Campur,Ada,Ada,Ada,Ada,Ada,Tidak,Tidak,Tidak,Tidak,Tidak,Tidak,Tidak,Ada,Tidak
Kost Mawar 88 Tipe A1,Pondok Aren,Surabaya,Rp2.250.000,Campur,Ada,Ada,Ada,Ada,Ada,Tidak,Tidak,Tidak,Tidak,Tidak,Tidak,Tidak,Ada,Tidak
Kost Gemiini House Standart,Kecamatan Ciputat Timur,Surabaya,Rp1.450.000,Putra,Ada,Ada,Ada,Ada,Ada,Tidak,Tidak,Tidak,Tidak,Tidak,Tidak,Tidak,Ada,Tidak
Kost House Of Tamara Tipe C,Pondok Aren,Surabaya,Rp1.400.000,Campur,Ada,Ada,Tidak,Ada,Ada,Tidak,Tidak,Tidak,Tidak,Tidak,Tidak,Tidak,Tidak,Tidak
Kost Dedaun STAN Bintaro Sektor 5,Pondok Aren,Surabaya,Rp1.500.000,Putra,Ada,Ada,Ada,Ada,Ada,Tidak,Tidak,Tidak,Tidak,Tidak,Tidak,Tidak,Tidak,Tidak
Kost Anisa Bintaro Single Deluxe,Pondok Aren,Surabaya,Rp1.400.000,Putri,Ada,Ada,Ada,Ada,Ada,Tidak,Tidak,Tidak,Tidak,Tidak,Tidak,Tidak,Ada,Tidak
Kost Pavillion 99,Ciputat Timur,Surabaya,Rp1.950.000,Campur,Ada,Ada,Ada,Ada,Ada,Tidak,Tidak,Tidak,Tidak,Tidak,Tidak,Tidak,Ada,Tidak
Kost Griya Diba Selatan,Pondok Aren,Surabaya,Rp1.300.000,Putra,Ada,Ada,Ada,Ada,Ada,Tidak,Tidak,Tidak,Tidak,Tidak,Tidak,Tidak,Ada,Tidak
Kost Bangau Bintaro B Selatan,Pondok Aren,Surabaya,Rp1.600.000,Campur,Ada,Ada,Ada,Ada,Ada,Tidak,Tidak,Tidak,Tidak,Tidak,Tidak,Tidak,Ada,Tidak
Kost Pintu Kuning,Kecamatan Pondok Aren,Surabaya,Rp1.800.000,Putri,Ada,Ada,Ada,Ada,Ada,Tidak,Tidak,Tidak,Tidak,Tidak,Tidak,Tidak,Ada,Tidak
Kost Terakota Pondok Jaya Tipe A,Kecamatan Pondok Aren,Surabaya,Rp1.800.000,Campur,Ada,Ada,Ada,Ada,Ada,Tidak,Tidak,Tidak,Tidak,Tidak,Tidak,Tidak,Ada,Tidak
Kost Vanya,Ciputat Timur,Surabaya,Rp1.700.000,Putri,Ada,Ada,Ada,Ada,Ada,Tidak,Tidak,Tidak,Tidak,Tidak,Tidak,Tidak,Ada,Tidak
Kost Urban Home Tipe A,Kecamatan Ciputat,Surabaya,Rp1.550.000,Campur,Ada,Ada,Ada,Ada,Ada,Tidak,Tidak,Tidak,Tidak,Tidak,Tidak,Tidak,Ada,Tidak
Kost Cruz Living Home Bintaro Executive,Ciputat,Surabaya,Rp1.499.880,Campur,Ada,Ada,Ada,Ada,Ada,Tidak,Tidak,Tidak,Tidak,Tidak,Tidak,Tidak,Ada,Tidak
Kost Mawar 88 Tipe C1,Pondok Aren,Surabaya,Rp2.000.000,Campur,Ada,Ada,Tidak,Ada,Ada,Tidak,Tidak,Tidak,Tidak,Tidak,Tidak,Tidak,Ada,Tidak
Kost Beton Tipe A,Ciputat Timur,Surabaya,Rp1.800.000,Campur,Ada,Ada,Ada,Ada,Tidak,Tidak,Tidak,Tidak,Tidak,Tidak,Tidak,Tidak,Ada,Tidak
Kost Tiara Asri Tipe C,Pondok Aren,Surabaya,Rp2.000.000,Putri,Ada,Ada,Ada,Ada,Ada,Tidak,Tidak,Tidak,Tidak,Tidak,Tidak,Tidak,Tidak,Tidak
Kost Graha 89 Tipe B,Kecamatan Ciputat,Surabaya,Rp1.650.000,Campur,Ada,Ada,Ada,Ada,Ada,Tidak,Tidak,Tidak,Tidak,Tidak,Tidak,Tidak,Ada,Tidak
Kost Taki House Tipe D,Pondok Aren,Surabaya,Rp1.300.000,Putri,Ada,Ada,Ada,Ada,Ada,Tidak,Tidak,Tidak,Tidak,Tidak,Tidak,Tidak,Ada,Tidak
Kost Hai 2 Tipe A,Ciputat Timur,Surabaya,Rp2.000.000,Campur,Ada,Ada,Ada,Ada,Tidak,Tidak,Tidak,Tidak,Tidak,Tidak,Tidak,Tidak,Tidak,Tidak
Kost D Green,Ciputat,Surabaya,Rp750.000,Campur,Ada,Tidak,Tidak,Ada,Tidak,Tidak,Tidak,Tidak,Tidak,Tidak,Tidak,Tidak,Ada,Tidak
Kost Bintaro Sektor 7 AC,Kecamatan Ciputat,Surabaya,Rp1.350.000,Campur,Ada,Ada,Ada,Ada,Ada,Tidak,Tidak,Tidak,Tidak,Tidak,Tidak,Tidak,Tidak,Tidak
Kost H Agustomi II Tipe B,Timur,Surabaya,Rp1.000.000,Putra,Ada,Ada,Tidak,Ada,Ada,Tidak,Tidak,Tidak,Tidak,Tidak,Tidak,Tidak,Ada,Tidak
Kost Jalak Tipe A Bintaro,Ciputat Timur,Surabaya,Rp1.500.000,Campur,Ada,Ada,Ada,Ada,Ada,Tidak,Tidak,Tidak,Tidak,Tidak,Tidak,Tidak,Ada,Tidak
Kost Arsyila Tipe D,Kecamatan Ciputat Timur,Surabaya,Rp600.000,Putri,Ada,Tidak,Ada,Tidak,Ada,Tidak,Tidak,Tidak,Tidak,Tidak,Tidak,Tidak,Ada,Tidak
Kost Damayanti Tipe A,Kecamatan Ciputat,Surabaya,Rp1.450.000,Campur,Ada,Ada,Ada,Ada,Ada,Tidak,Tidak,Tidak,Tidak,Tidak,Tidak,Tidak,Tidak,Tidak
Kost Sri Astuti Ratnaningsih,Ciputat Timur,Surabaya,Rp1.750.000,Putri,Ada,Ada,Ada,Tidak,Ada,Tidak,Tidak,Tidak,Tidak,Tidak,Tidak,Tidak,Tidak,Tidak
Kost Pondok Jaya,Kecamatan Pondok Aren,Surabaya,Rp2.700.000,Campur,Ada,Ada,Ada,Ada,Ada,Tidak,Tidak,Tidak,Tidak,Tidak,Tidak,Tidak,Tidak,Tidak
Kost Tiara Asri Tipe A1,Pondok Aren,Surabaya,Rp1.200.000,Putri,Ada,Ada,Ada,Tidak,Ada,Tidak,Tidak,Tidak,Tidak,Tidak,Tidak,Tidak,Tidak,Tidak
Kost H Agustomi II Tipe A,Kecamatan Pondok Aren,Surabaya,Rp700.000,Putra,Ada,Tidak,Tidak,Ada,Ada,Tidak,Tidak,Tidak,Tidak,Tidak,Tidak,Tidak,Ada,Tidak
Kost Puri Purbasari Bintaro Executive Room 02,Kecamatan Pondok Aren,Surabaya,Rp1.650.000,Campur,Ada,Ada,Ada,Ada,Ada,Tidak,Tidak,Tidak,Tidak,Tidak,Tidak,Tidak,Ada,Tidak
Kost H Agustomi,Kecamatan Pondok Aren,Surabaya,Rp600.000,Campur,Ada,Tidak,Tidak,Ada,Tidak,Tidak,Tidak,Tidak,Tidak,Tidak,Tidak,Tidak,Tidak,Tidak
Kost Rumah Teduh Tipe B,Kecamatan Pondok Aren,Surabaya,Rp1.800.000,Campur,Ada,Ada,Ada,Ada,Tidak,Tidak,Tidak,Tidak,Tidak,Tidak,Tidak,Tidak,Ada,Tidak
Kost Anggrek Tipe A,Kecamatan Ciputat Timur,Surabaya,Rp850.000,Putri,Ada,Tidak,Ada,Ada,Ada,Tidak,Tidak,Tidak,Tidak,Tidak,Tidak,Tidak,Tidak,Tidak
Kost Kramat,Kecamatan Ciputat Timur,Surabaya,Rp1.600.000,Campur,Ada,Ada,Ada,Tidak,Ada,Tidak,Tidak,Tidak,Tidak,Tidak,Tidak,Tidak,Tidak,Tidak
Kost Setia,Kecamatan Pondok Aren,Surabaya,Rp700.000,Putra,Ada,Tidak,Tidak,Ada,Tidak,Tidak,Tidak,Tidak,Tidak,Tidak,Tidak,Tidak,Ada,Tidak
Kost Hooni Home Tipe Single,Kecamatan Pondok Aren,Surabaya,Rp2.600.000,Campur,Ada,Ada,Ada,Ada,Ada,Tidak,Tidak,Tidak,Tidak,Tidak,Tidak,Tidak,Ada,Tidak
Kost Puri Purbasari Bintaro Vvip Grand Room 03,Kecamatan Pondok Aren,Surabaya,Rp3.100.000,Campur,Ada,Ada,Ada,Ada,Ada,Tidak,Tidak,Tidak,Tidak,Tidak,Tidak,Tidak,Ada,Tidak
Kost Puri Purbasari Bintaro Studio Room 014,Kecamatan Pondok Aren,Surabaya,Rp2.250.000,Campur,Ada,Ada,Ada,Ada,Ada,Tidak,Tidak,Tidak,Tidak,Tidak,Tidak,Tidak,Ada,Tidak
Kost District 39 Tipe Standart,Kecamatan Ciputat Timur,Surabaya,Rp1.300.000,Campur,Ada,Ada,Tidak,Ada,Ada,Tidak,Tidak,Tidak,Tidak,Tidak,Tidak,Tidak,Ada,Tidak
Kost Omahku,Pondok Aren,Surabaya,Rp1.250.000,Putri,Ada,Ada,Ada,Tidak,Ada,Tidak,Tidak,Tidak,Tidak,Tidak,Tidak,Tidak,Tidak,Tidak
Kost Arsyila Tipe A1,Kecamatan Ciputat Timur,Surabaya,Rp675.000,Putri,Ada,Tidak,Tidak,Ada,Ada,Tidak,Tidak,Tidak,Tidak,Tidak,Tidak,Tidak,Ada,Tidak
Kost Pondok Ranji Standard,Ciputat Timur,Surabaya,Rp1.500.000,Campur,Ada,Ada,Ada,Ada,Ada,Tidak,Tidak,Tidak,Tidak,Tidak,Tidak,Tidak,Tidak,Tidak
Kost Aleeza Tipe A,Ciputat Timur,Surabaya,Rp1.100.000,Putri,Ada,Ada,Ada,Ada,Ada,Tidak,Tidak,Tidak,Tidak,Tidak,Tidak,Tidak,Ada,Tidak
Kost Arsyila Tipe B1,Kecamatan Ciputat Timur,Surabaya,Rp650.000,Putri,Ada,Tidak,Ada,Tidak,Ada,Tidak,Tidak,Tidak,Tidak,Tidak,Tidak,Tidak,Ada,Tidak
Kost Bhyant Studio Bintaro Pondok Ranji Tipe A Selatan,Ciputat Timur,Surabaya,Rp1.350.000,Putri,Ada,Ada,Ada,Ada,Ada,Tidak,Tidak,Tidak,Tidak,Tidak,Tidak,Tidak,Ada,Tidak
Kost Pondok Ranji Tipe D,Ciputat Timur,Surabaya,Rp1.300.000,Campur,Ada,Ada,Ada,Ada,Ada,Tidak,Tidak,Tidak,Tidak,Tidak,Tidak,Tidak,Tidak,Tidak
Kost Mawar 88 Tipe A2,Pondok Aren,Surabaya,Rp2.200.000,Campur,Ada,Ada,Tidak,Ada,Ada,Tidak,Tidak,Tidak,Tidak,Tidak,Tidak,Tidak,Ada,Tidak
Kost Bintaro Sektor 7 Tipe B,Kecamatan Ciputat,Surabaya,Rp1.550.000,Campur,Ada,Ada,Ada,Ada,Ada,Tidak,Tidak,Tidak,Tidak,Tidak,Tidak,Tidak,Tidak,Tidak
Kost Puri Purbasari Co Living Executive 02,Kecamatan Pondok Aren,Surabaya,Rp1.750.000,Campur,Ada,Ada,Ada,Ada,Ada,Tidak,Tidak,Tidak,Tidak,Tidak,Tidak,Tidak,Ada,Tidak
Kost Cikini 3 Bintaro,Pondok Aren,Surabaya,Rp700.000,Campur,Ada,Tidak,Ada,Tidak,Tidak,Tidak,Tidak,Tidak,Tidak,Tidak,Tidak,Tidak,Ada,Tidak
Kost Bintaro Jaya 9 Superior,Pondok Aren,Surabaya,Rp1.600.000,Campur,Ada,Ada,Ada,Ada,Ada,Tidak,Tidak,Tidak,Tidak,Tidak,Tidak,Tidak,Ada,Tidak
Kost Hooni Home Tipe Double,Kecamatan Pondok Aren,Surabaya,Rp2.900.000,Campur,Ada,Ada,Ada,Ada,Ada,Tidak,Tidak,Tidak,Tidak,Tidak,Tidak,Tidak,Ada,Tidak
Kost Omahe He Ra Tipe Executive,Pondok Aren,Surabaya,Rp2.250.000,Campur,Ada,Ada,Ada,Ada,Ada,Tidak,Tidak,Tidak,Tidak,Tidak,Tidak,Tidak,Ada,Tidak
Kost Mawar 88 Tipe B1,Pondok Aren,Surabaya,Rp2.350.000,Campur,Ada,Ada,Ada,Ada,Ada,Tidak,Tidak,Tidak,Tidak,Tidak,Tidak,Tidak,Ada,Tidak
Kost House of Danish Selatan,Ciputat Timur,Surabaya,Rp1.700.000,Putri,Ada,Ada,Ada,Ada,Ada,Tidak,Tidak,Tidak,Tidak,Tidak,Tidak,Tidak,Tidak,Tidak
Kost Sudut Menjangan,Kecamatan Ciputat Timur,Surabaya,Rp1.500.000,Campur,Ada,Ada,Ada,Ada,Ada,Tidak,Tidak,Tidak,Tidak,Tidak,Tidak,Tidak,Tidak,Tidak
Kost Puri Purbasari Co Living Executive Single Room 12,Kecamatan Pondok Aren,Surabaya,Rp1.150.000,Campur,Ada,Tidak,Ada,Tidak,Ada,Tidak,Tidak,Tidak,Tidak,Tidak,Tidak,Tidak,Ada,Tidak
Kost Rumah Teduh Tipe A,Kecamatan Pondok Aren,Surabaya,Rp1.500.000,Campur,Ada,Ada,Ada,Ada,Tidak,Tidak,Tidak,Tidak,Tidak,Tidak,Tidak,Tidak,Ada,Tidak
Kost Puri Purbasari Bintaro Studio Room 010,Kecamatan Pondok Aren,Surabaya,Rp2.000.000,Campur,Ada,Ada,Ada,Ada,Ada,Tidak,Tidak,Tidak,Tidak,Tidak,Tidak,Tidak,Ada,Tidak
Kost Pavilliun 8,Kecamatan Ciputat Timur,Surabaya,Rp2.850.000,Campur,Ada,Ada,Ada,Ada,Ada,Tidak,Tidak,Tidak,Tidak,Tidak,Tidak,Tidak,Ada,Tidak
Kost Bangau Bintaro A,Pondok Aren,Surabaya,Rp2.200.000,Campur,Ada,Ada,Ada,Ada,Ada,Tidak,Tidak,Tidak,Tidak,Tidak,Tidak,Tidak,Ada,Tidak
Kost Damayanti Tipe C,Kecamatan Ciputat,Surabaya,Rp1.650.000,Campur,Ada,Ada,Ada,Ada,Ada,Tidak,Tidak,Tidak,Tidak,Tidak,Tidak,Tidak,Tidak,Tidak
Kost Taki House Tipe B,Kecamatan Pondok Aren,Surabaya,Rp1.250.000,Putra,Ada,Ada,Ada,Ada,Tidak,Tidak,Tidak,Tidak,Tidak,Tidak,Tidak,Tidak,Ada,Tidak
Kost Keana,Kecamatan Pondok Aren,Surabaya,Rp1.600.000,Campur,Ada,Ada,Ada,Ada,Ada,Tidak,Tidak,Tidak,Tidak,Tidak,Tidak,Tidak,Ada,Tidak
Kost Alexandria STAN,Kecamatan Pondok Aren,Surabaya,Rp650.000,Putri,Ada,Tidak,Tidak,Ada,Tidak,Tidak,Tidak,Tidak,Tidak,Tidak,Tidak,Tidak,Tidak,Tidak
Kost Milenial Tipe F2,Pondok Aren,Surabaya,Rp1.700.000,Putra,Ada,Ada,Ada,Tidak,Ada,Tidak,Tidak,Tidak,Tidak,Tidak,Tidak,Tidak,Ada,Tidak
Kost Elpiji Tipe C,Ciputat Timur,Surabaya,Rp1.000.000,Putri,Ada,Ada,Ada,Ada,Ada,Tidak,Tidak,Tidak,Tidak,Tidak,Tidak,Tidak,Ada,Tidak
Kost Puri Purbasari Bintaro Grand Room Mezanine 06,Kecamatan Pondok Aren,Surabaya,Rp2.500.000,Campur,Ada,Ada,Ada,Ada,Ada,Tidak,Tidak,Tidak,Tidak,Tidak,Tidak,Tidak,Ada,Tidak
Kost Omah 92 Tipe Non Ac,Kecamatan Pondok Aren,Surabaya,Rp600.000,Putra,Ada,Tidak,Tidak,Tidak,Tidak,Tidak,Tidak,Tidak,Tidak,Tidak,Tidak,Tidak,Tidak,Tidak
Kost Dhianra Tipe A Selatan,Pondok Aren,Surabaya,Rp1.500.000,Putri,Ada,Ada,Ada,Ada,Tidak,Tidak,Tidak,Tidak,Tidak,Tidak,Tidak,Tidak,Ada,Tidak
Kost Aris Saona Tipe B,Ciputat,Surabaya,Rp1.200.000,Campur,Ada,Ada,Tidak,Ada,Tidak,Tidak,Tidak,Tidak,Tidak,Tidak,Tidak,Tidak,Ada,Tidak
Kost Nyaman Sawah Baru,Kecamatan Ciputat,Surabaya,Rp1.475.000,Campur,Ada,Ada,Ada,Ada,Ada,Tidak,Tidak,Tidak,Tidak,Tidak,Tidak,Tidak,Ada,Tidak
Kost Belle,Kecamatan Ciputat,Surabaya,Rp1.250.000,Putra,Ada,Ada,Ada,Tidak,Ada,Tidak,Tidak,Tidak,Tidak,Tidak,Tidak,Tidak,Ada,Tidak
Kost Puri Purbasari Bintaro Single Room 011,Kecamatan Pondok Aren,Surabaya,Rp1.350.000,Campur,Ada,Tidak,Ada,Tidak,Ada,Tidak,Tidak,Tidak,Tidak,Tidak,Tidak,Tidak,Ada,Tidak
Kost Aan,Kecamatan Ciputat Timur,Surabaya,Rp1.400.000,Putri,Ada,Ada,Ada,Ada,Ada,Tidak,Tidak,Tidak,Tidak,Tidak,Tidak,Tidak,Ada,Tidak
Kost Hj Maryati,Ciputat,Surabaya,Rp1.000.000,Putri,Ada,Ada,Tidak,Ada,Tidak,Tidak,Tidak,Tidak,Tidak,Tidak,Tidak,Tidak,Tidak,Tidak
Kost Puri Purbasari Co Living Grand Room 05,Kecamatan Pondok Aren,Surabaya,Rp2.500.000,Campur,Ada,Ada,Ada,Ada,Ada,Tidak,Tidak,Tidak,Tidak,Tidak,Tidak,Tidak,Ada,Tidak
Kost Afiya Tipe A,Ciputat Timur,Surabaya,Rp950.000,Putra,Ada,Tidak,Ada,Tidak,Ada,Tidak,Tidak,Tidak,Tidak,Tidak,Tidak,Tidak,Ada,Tidak
Kost Puri Purbasari Bintaro Grand Room 04,Kecamatan Pondok Aren,Surabaya,Rp2.800.000,Campur,Ada,Ada,Ada,Tidak,Ada,Tidak,Tidak,Tidak,Tidak,Tidak,Tidak,Tidak,Ada,Tidak
Kost Teduh Tipe 1,Kecamatan Ciputat Timur,Surabaya,Rp1.000.000,Putri,Ada,Tidak,Tidak,Tidak,Tidak,Tidak,Tidak,Tidak,Tidak,Tidak,Tidak,Tidak,Tidak,Tidak
Kost Murai Neneng Tipe A,Pondok Aren,Surabaya,Rp1.200.000,Putri,Ada,Ada,Ada,Ada,Ada,Tidak,Tidak,Tidak,Tidak,Tidak,Tidak,Tidak,Ada,Tidak
Kost Elpiji Tipe E,Ciputat Timur,Surabaya,Rp950.000,Putri,Ada,Tidak,Ada,Ada,Ada,Tidak,Tidak,Tidak,Tidak,Tidak,Tidak,Tidak,Ada,Tidak
Kost Pasmod Bintaro,Kecamatan Ciputat,Surabaya,Rp1.350.000,Campur,Ada,Ada,Ada,Ada,Tidak,Tidak,Tidak,Tidak,Tidak,Tidak,Tidak,Tidak,Tidak,Tidak
Kost Puri Purbasari Co Living Studio,Kecamatan Pondok Aren,Surabaya,Rp1.900.000,Campur,Ada,Ada,Ada,Ada,Ada,Tidak,Tidak,Tidak,Tidak,Tidak,Tidak,Tidak,Ada,Tidak
Kost Wildan,Ciputat Timur,Surabaya,Rp750.000,Putri,Ada,Tidak,Ada,Tidak,Tidak,Tidak,Tidak,Tidak,Tidak,Tidak,Tidak,Tidak,Tidak,Tidak
Kost Hj Khomsiyah Tipe A,Kecamatan Ciputat,Surabaya,Rp1.000.000,Campur,Ada,Tidak,Ada,Ada,Tidak,Tidak,Tidak,Tidak,Tidak,Tidak,Tidak,Tidak,Ada,Tidak
Kost Anggrek Tipe C,Kecamatan Ciputat Timur,Surabaya,Rp775.000,Putri,Ada,Tidak,Ada,Ada,Tidak,Tidak,Tidak,Tidak,Tidak,Tidak,Tidak,Tidak,Tidak,Tidak
Kost Bintaro Sektor 7 Tipe C,Kecamatan Ciputat,Surabaya,Rp1.450.000,Campur,Ada,Ada,Ada,Ada,Ada,Tidak,Tidak,Tidak,Tidak,Tidak,Tidak,Tidak,Tidak,Tidak
Kost Elpiji Tipe I,Ciputat Timur,Surabaya,Rp900.000,Putri,Ada,Tidak,Ada,Ada,Ada,Tidak,Tidak,Tidak,Tidak,Tidak,Tidak,Tidak,Ada,Tidak
Kost Ero Residence,Ciputat Timur,Surabaya,Rp1.700.000,Putri,Ada,Ada,Ada,Ada,Ada,Tidak,Tidak,Tidak,Tidak,Tidak,Tidak,Tidak,Ada,Tidak
Kost Fanuel Vip Executive,Kecamatan Pondok Aren,Surabaya,Rp1.900.000,Putri,Ada,Ada,Ada,Ada,Ada,Tidak,Tidak,Tidak,Tidak,Tidak,Tidak,Tidak,Ada,Tidak
Kost Bhyant Studio Bintaro Pondok Ranji Tipe B,Ciputat Timur,Surabaya,Rp1.150.000,Putri,Ada,Ada,Ada,Ada,Ada,Tidak,Tidak,Tidak,Tidak,Tidak,Tidak,Tidak,Ada,Tidak
Kost Elpiji Tipe A,Ciputat Timur,Surabaya,Rp1.100.000,Putri,Ada,Ada,Ada,Ada,Ada,Tidak,Tidak,Tidak,Tidak,Tidak,Tidak,Tidak,Ada,Tidak
Kost Hidayah Tipe E,Kecamatan Pondok Aren,Surabaya,Rp950.000,Putra,Ada,Tidak,Ada,Ada,Ada,Tidak,Tidak,Tidak,Tidak,Tidak,Tidak,Tidak,Ada,Tidak
Kost Wisma Antique,Kecamatan Pondok Aren,Surabaya,Rp1.200.000,Campur,Tidak,Ada,Tidak,Ada,Ada,Tidak,Tidak,Tidak,Tidak,Tidak,Tidak,Tidak,Ada,Tidak
Kost Bu Tia UPJ Tipe A Bintaro Tangerang,Ciputat,Surabaya,Rp1.700.000,Campur,Ada,Ada,Ada,Ada,Ada,Tidak,Tidak,Tidak,Tidak,Tidak,Tidak,Tidak,Ada,Tidak
Kost Hai 2 Tipe C AC Furnish,Ciputat Timur,Surabaya,Rp1.550.000,Campur,Ada,Ada,Ada,Ada,Tidak,Tidak,Tidak,Tidak,Tidak,Tidak,Tidak,Tidak,Tidak,Tidak
Kost Fanila Syariah,Kecamatan Ciputat,Surabaya,Rp1.000.000,Campur,Ada,Ada,Ada,Ada,Tidak,Tidak,Tidak,Tidak,Tidak,Tidak,Tidak,Tidak,Tidak,Tidak
Kost Taki House Tipe C,Pondok Aren,Surabaya,Rp850.000,Putri,Ada,Tidak,Ada,Ada,Ada,Tidak,Tidak,Tidak,Tidak,Tidak,Tidak,Tidak,Tidak,Tidak
Kost Taki House Tipe A,Pondok Aren,Surabaya,Rp850.000,Putra,Ada,Tidak,Ada,Ada,Tidak,Tidak,Tidak,Tidak,Tidak,Tidak,Tidak,Tidak,Tidak,Tidak
Kost Puri Purbasari Co Living Grand Room 04 Lantai 1,Kecamatan Pondok Aren,Surabaya,Rp2.800.000,Campur,Ada,Ada,Ada,Ada,Ada,Tidak,Tidak,Tidak,Tidak,Tidak,Tidak,Tidak,Ada,Tidak
Kost Hai 2 Tipe B,Ciputat Timur,Surabaya,Rp1.850.000,Campur,Ada,Ada,Ada,Ada,Tidak,Tidak,Tidak,Tidak,Tidak,Tidak,Tidak,Tidak,Tidak,Tidak
Kost Hepi Golaq Executive,Pondok Aren,Surabaya,Rp650.000,Putra,Ada,Tidak,Ada,Ada,Tidak,Tidak,Tidak,Tidak,Tidak,Tidak,Tidak,Tidak,Ada,Tidak
Kost Bintaro Jaya 9 Tipe B,Pondok Aren,Surabaya,Rp1.500.000,Campur,Ada,Ada,Ada,Ada,Ada,Tidak,Tidak,Tidak,Tidak,Tidak,Tidak,Tidak,Ada,Tidak
Kost Dekat I Vip,Kecamatan Pondok Aren,Surabaya,Rp1.450.000,Campur,Ada,Ada,Ada,Ada,Ada,Tidak,Tidak,Tidak,Tidak,Tidak,Tidak,Tidak,Ada,Tidak
Kost Puri Purbasari Bintaro Grand Room 05,Kecamatan Pondok Aren,Surabaya,Rp2.800.000,Campur,Ada,Ada,Ada,Ada,Ada,Tidak,Tidak,Tidak,Tidak,Tidak,Tidak,Tidak,Ada,Tidak
Kost Arga Wilis Tipe Vip,Kecamatan Pondok Aren,Surabaya,Rp2.200.000,Campur,Ada,Ada,Ada,Ada,Ada,Tidak,Tidak,Tidak,Tidak,Tidak,Tidak,Tidak,Ada,Tidak
Kost Bon Kop,Kecamatan Pondok Aren,Surabaya,Rp5.000.000,Campur,Tidak,Tidak,Tidak,Tidak,Ada,Tidak,Tidak,Tidak,Tidak,Tidak,Tidak,Tidak,Ada,Tidak
Kost Dhomee Tipe Kecil,Kecamatan Ciputat Timur,Surabaya,Rp1.700.000,Putri,Ada,Ada,Ada,Ada,Ada,Tidak,Tidak,Tidak,Tidak,Tidak,Tidak,Tidak,Ada,Tidak
Kost Bella Dina Tipe A,Kecamatan Ciputat Timur,Surabaya,Rp1.200.000,Putri,Ada,Ada,Ada,Ada,Ada,Tidak,Tidak,Tidak,Tidak,Tidak,Tidak,Tidak,Ada,Tidak
Kost Fanartha Deluxe,Kecamatan Pondok Aren,Surabaya,Rp1.550.000,Putri,Ada,Ada,Ada,Tidak,Ada,Tidak,Tidak,Tidak,Tidak,Tidak,Tidak,Tidak,Tidak,Tidak
Kost Bintaro Jaya 9 Tipe Superior,Kecamatan Ciputat,Surabaya,Rp1.400.000,Campur,Ada,Ada,Ada,Ada,Ada,Tidak,Tidak,Tidak,Tidak,Tidak,Tidak,Tidak,Ada,Tidak
Kost Perum 10 Ds Deluxe,Pondok Aren,Surabaya,Rp1.550.000,Putri,Ada,Ada,Ada,Tidak,Ada,Tidak,Tidak,Tidak,Tidak,Tidak,Tidak,Tidak,Ada,Tidak
Kost Fanuel 2 Vvip Suite,Kecamatan Pondok Aren,Surabaya,Rp2.100.000,Putri,Ada,Ada,Ada,Ada,Ada,Tidak,Tidak,Tidak,Tidak,Tidak,Tidak,Tidak,Ada,Tidak
Kost Kirania Tipe B1,Kecamatan Pondok Aren,Surabaya,Rp700.000,Putri,Ada,Tidak,Ada,Tidak,Tidak,Tidak,Tidak,Tidak,Tidak,Tidak,Tidak,Tidak,Tidak,Tidak
Kost Milenial Tipe F,Pondok Aren,Surabaya,Rp1.600.000,Putra,Ada,Ada,Ada,Ada,Ada,Tidak,Tidak,Tidak,Tidak,Tidak,Tidak,Tidak,Ada,Tidak
Kost Bintaro Jaya 9 Executive Room,Kecamatan Ciputat,Surabaya,Rp1.400.000,Campur,Ada,Ada,Ada,Ada,Ada,Tidak,Tidak,Tidak,Tidak,Tidak,Tidak,Tidak,Ada,Tidak
Kost Adikara 101 Tipe B,Ciputat Timur,Surabaya,Rp1.950.000,Putra,Ada,Ada,Ada,Ada,Ada,Tidak,Tidak,Tidak,Tidak,Tidak,Tidak,Tidak,Tidak,Tidak
Kost House Of Tamara Tipe A,Pondok Aren,Surabaya,Rp1.600.000,Campur,Ada,Ada,Ada,Ada,Ada,Tidak,Tidak,Tidak,Tidak,Tidak,Tidak,Tidak,Tidak,Tidak
Kost Mentari 16 Tipe A,Kecamatan Pondok Aren,Surabaya,Rp1.100.000,Campur,Ada,Tidak,Ada,Ada,Tidak,Tidak,Tidak,Tidak,Tidak,Tidak,Tidak,Tidak,Ada,Tidak
Kost Niaga,Kecamatan Pondok Aren,Surabaya,Rp700.000,Putri,Ada,Ada,Ada,Ada,Tidak,Tidak,Tidak,Tidak,Tidak,Tidak,Tidak,Tidak,Ada,Tidak
Kost Bintaro 666 Tipe B,Kecamatan Pondok Aren,Surabaya,Rp999.999,Putra,Ada,Ada,Ada,Ada,Tidak,Tidak,Tidak,Tidak,Tidak,Tidak,Tidak,Tidak,Tidak,Tidak
Kost Dhomee Tipe Besar,Kecamatan Ciputat Timur,Surabaya,Rp2.000.000,Putri,Ada,Ada,Ada,Ada,Ada,Tidak,Tidak,Tidak,Tidak,Tidak,Tidak,Tidak,Ada,Tidak
Kost Tiara Asri Vip Room,Pondok Aren,Surabaya,Rp3.100.000,Putri,Ada,Ada,Ada,Ada,Ada,Tidak,Tidak,Tidak,Tidak,Tidak,Tidak,Tidak,Ada,Tidak
Kost Syariah Pondok Marina 1 Tipe Kamar A,Kecamatan Pondok Aren,Surabaya,Rp1.000.000,Putri,Ada,Ada,Ada,Ada,Ada,Tidak,Tidak,Tidak,Tidak,Tidak,Tidak,Tidak,Ada,Tidak
Kost Hayashi Home Bintaro Tipe A,Pondok Aren,Surabaya,Rp1.350.000,Campur,Ada,Ada,Tidak,Ada,Tidak,Tidak,Tidak,Tidak,Tidak,Tidak,Tidak,Tidak,Ada,Tidak
Kost Puri Purbasari Bintaro Studio Room 07,Kecamatan Pondok Aren,Surabaya,Rp2.000.000,Campur,Ada,Ada,Ada,Ada,Ada,Tidak,Tidak,Tidak,Tidak,Tidak,Tidak,Tidak,Ada,Tidak
Kost Arga Wilis Tipe B,Kecamatan Pondok Aren,Surabaya,Rp1.800.000,Campur,Ada,Ada,Ada,Ada,Ada,Tidak,Tidak,Tidak,Tidak,Tidak,Tidak,Tidak,Ada,Tidak
Kost Adikara 101 Tipe A,Ciputat Timur,Surabaya,Rp1.750.000,Putra,Ada,Ada,Ada,Ada,Ada,Tidak,Tidak,Tidak,Tidak,Tidak,Tidak,Tidak,Ada,Tidak
Kost Hitz Tipe E,Kecamatan Pondok Aren,Surabaya,Rp1.690.000,Putri,Ada,Ada,Ada,Ada,Ada,Tidak,Tidak,Tidak,Tidak,Tidak,Tidak,Tidak,Ada,Tidak
Kost Milenial Tipe C,Pondok Aren,Surabaya,Rp1.450.000,Putra,Ada,Ada,Ada,Ada,Ada,Tidak,Tidak,Tidak,Tidak,Tidak,Tidak,Tidak,Ada,Tidak
Kost Milenial Tipe A,Pondok Aren,Surabaya,Rp1.300.000,Putra,Ada,Ada,Ada,Tidak,Ada,Tidak,Tidak,Tidak,Tidak,Tidak,Tidak,Tidak,Ada,Tidak
Kost Mama Haykal,Kecamatan Ciputat,Surabaya,Rp750.000,Campur,Ada,Tidak,Tidak,Ada,Tidak,Tidak,Tidak,Tidak,Tidak,Tidak,Tidak,Tidak,Ada,Tidak
Kost Fanartha 1,Pondok Aren,Surabaya,Rp1.650.000,Putri,Ada,Ada,Ada,Tidak,Ada,Tidak,Tidak,Tidak,Tidak,Tidak,Tidak,Tidak,Ada,Tidak
Kost Teduh Tipe 2,Kecamatan Ciputat Timur,Surabaya,Rp900.000,Putri,Ada,Tidak,Tidak,Tidak,Tidak,Tidak,Tidak,Tidak,Tidak,Tidak,Tidak,Tidak,Tidak,Tidak
Kost Nada Ibu Hamida,Pondok Aren,Surabaya,Rp800.000,Putri,Ada,Tidak,Tidak,Ada,Tidak,Tidak,Tidak,Tidak,Tidak,Tidak,Tidak,Tidak,Tidak,Tidak
Kost Damayanti Tipe B Tangerang,Ciputat,Surabaya,Rp1.500.000,Campur,Ada,Ada,Ada,Ada,Ada,Tidak,Tidak,Tidak,Tidak,Tidak,Tidak,Tidak,Tidak,Tidak
Kost House Of Tamara Tipe B,Pondok Aren,Surabaya,Rp1.500.000,Campur,Ada,Ada,Tidak,Ada,Ada,Tidak,Tidak,Tidak,Tidak,Tidak,Tidak,Tidak,Tidak,Tidak
Kost Rumah Langit STAN,Kecamatan Pondok Aren,Surabaya,Rp700.000,Putra,Ada,Tidak,Ada,Ada,Tidak,Tidak,Tidak,Tidak,Tidak,Tidak,Tidak,Tidak,Ada,Tidak
Kost Makassar Tipe A,Ciputat,Surabaya,Rp830.000,Campur,Tidak,Tidak,Tidak,Ada,Tidak,Tidak,Tidak,Tidak,Tidak,Tidak,Tidak,Tidak,Ada,Tidak
Kost Ellada Garden,Ciputat Timur,Surabaya,Rp2.300.000,Campur,Ada,Ada,Ada,Ada,Ada,Tidak,Tidak,Tidak,Tidak,Tidak,Tidak,Tidak,Tidak,Tidak
Kost Bie Xce,Ciputat,Surabaya,Rp700.000,Putri,Ada,Tidak,Tidak,Ada,Tidak,Tidak,Tidak,Tidak,Tidak,Tidak,Tidak,Tidak,Tidak,Tidak
Kost Perkici Pondok Aren,Ciputat Timur,Surabaya,Rp1.100.000,Putri,Ada,Ada,Ada,Tidak,Ada,Tidak,Tidak,Tidak,Tidak,Tidak,Tidak,Tidak,Tidak,Tidak
Kost Urban Home Tipe B,Kecamatan Ciputat,Surabaya,Rp1.900.000,Campur,Ada,Ada,Ada,Ada,Ada,Tidak,Tidak,Tidak,Tidak,Tidak,Tidak,Tidak,Ada,Tidak
Kost Aliesha Eksklusif,Kecamatan Ciputat Timur,Surabaya,Rp1.800.000,Campur,Ada,Ada,Ada,Ada,Ada,Tidak,Tidak,Tidak,Tidak,Tidak,Tidak,Tidak,Tidak,Tidak
Kost Dhianra Tipe B Selatan,Pondok Aren,Surabaya,Rp850.000,Putri,Ada,Tidak,Ada,Tidak,Tidak,Tidak,Tidak,Tidak,Tidak,Tidak,Tidak,Tidak,Ada,Tidak
Kost Milenial Tipe E,Pondok Aren,Surabaya,Rp1.820.000,Putra,Ada,Ada,Ada,Ada,Ada,Tidak,Tidak,Tidak,Tidak,Tidak,Tidak,Tidak,Ada,Tidak
Kost Ndoro Ayu,Kecamatan Ciputat Timur,Surabaya,Rp1.500.000,Campur,Ada,Ada,Ada,Ada,Tidak,Tidak,Tidak,Tidak,Tidak,Tidak,Tidak,Tidak,Tidak,Tidak
Kost Mandaru 18 Tipe A,Kecamatan Pondok Aren,Surabaya,Rp1.100.000,Putra,Ada,Ada,Ada,Tidak,Ada,Tidak,Tidak,Tidak,Tidak,Tidak,Tidak,Tidak,Ada,Tidak
Kost Puri Purbasari Co Living Grand Room 04,Kecamatan Pondok Aren,Surabaya,Rp2.500.000,Campur,Ada,Ada,Ada,Ada,Ada,Tidak,Tidak,Tidak,Tidak,Tidak,Tidak,Tidak,Ada,Tidak
Kost Elpiji Tipe B,Ciputat Timur,Surabaya,Rp1.100.000,Putri,Ada,Ada,Ada,Ada,Ada,Tidak,Tidak,Tidak,Tidak,Tidak,Tidak,Tidak,Ada,Tidak
Kost Milenial Tipe B,Pondok Aren,Surabaya,Rp1.395.000,Putra,Ada,Ada,Ada,Tidak,Ada,Tidak,Tidak,Tidak,Tidak,Tidak,Tidak,Tidak,Ada,Tidak
Kost Wisma Al Izzah Pak Akim Tipe A,Kecamatan Pondok Aren,Surabaya,Rp550.000,Putra,Ada,Tidak,Tidak,Tidak,Tidak,Tidak,Tidak,Tidak,Tidak,Tidak,Tidak,Tidak,Ada,Tidak
Kost Plaza Bintaro 3,Pondok Aren,Surabaya,Rp500.000,Campur,Ada,Tidak,Ada,Tidak,Tidak,Tidak,Tidak,Tidak,Tidak,Tidak,Tidak,Tidak,Ada,Tidak
Kost Elpiji Tipe D,Ciputat Timur,Surabaya,Rp950.000,Putri,Ada,Tidak,Ada,Ada,Tidak,Tidak,Tidak,Tidak,Tidak,Tidak,Tidak,Tidak,Ada,Tidak
Kost Bintaro Exchanged,Ciputat,Surabaya,Rp1.400.088,Campur,Ada,Ada,Ada,Ada,Ada,Tidak,Tidak,Tidak,Tidak,Tidak,Tidak,Tidak,Ada,Tidak
Kost Tiara Asri Tipe B,Pondok Aren,Surabaya,Rp1.700.000,Putri,Ada,Ada,Ada,Ada,Ada,Tidak,Tidak,Tidak,Tidak,Tidak,Tidak,Tidak,Ada,Tidak
Kost Puri Purbasari Co Living Executive Single Room11,Kecamatan Pondok Aren,Surabaya,Rp1.300.000,Campur,Ada,Tidak,Ada,Tidak,Ada,Tidak,Tidak,Tidak,Tidak,Tidak,Tidak,Tidak,Ada,Tidak
Kost Nako Tipe B,Pondok Aren,Surabaya,Rp1.600.000,Putri,Ada,Ada,Ada,Tidak,Ada,Tidak,Tidak,Tidak,Tidak,Tidak,Tidak,Tidak,Tidak,Tidak
Kost Enzo Bintaro,Ciputat,Surabaya,Rp1.400.000,Campur,Ada,Ada,Ada,Ada,Ada,Tidak,Tidak,Tidak,Tidak,Tidak,Tidak,Tidak,Tidak,Tidak
Kost Rumah Cozy Asri Bintaro Sektor 7,Kecamatan Pondok Aren,Surabaya,Rp1.700.000,Campur,Ada,Ada,Ada,Ada,Ada,Tidak,Tidak,Tidak,Tidak,Tidak,Tidak,Tidak,Ada,Tidak
Kost Graha 89 Tipe A,Ciputat,Surabaya,Rp1.750.000,Campur,Ada,Ada,Ada,Ada,Ada,Tidak,Tidak,Tidak,Tidak,Tidak,Tidak,Tidak,Ada,Tidak
Kost Arsyila Tipe C1,Kecamatan Ciputat Timur,Surabaya,Rp550.000,Putri,Ada,Tidak,Ada,Tidak,Ada,Tidak,Tidak,Tidak,Tidak,Tidak,Tidak,Tidak,Ada,Tidak
Kost Arsyila E1,Kecamatan Ciputat Timur,Surabaya,Rp425.000,Putri,Ada,Tidak,Ada,Tidak,Ada,Tidak,Tidak,Tidak,Tidak,Tidak,Tidak,Tidak,Ada,Tidak
Kost Afiya Tipe Standar,Kecamatan Ciputat Timur,Surabaya,Rp1.750.000,Putri,Ada,Ada,Ada,Ada,Ada,Tidak,Tidak,Tidak,Tidak,Tidak,Tidak,Tidak,Ada,Tidak
Kost Hidayah Tipe A1,Kecamatan Pondok Aren,Surabaya,Rp1.500.000,Putra,Ada,Ada,Ada,Ada,Ada,Tidak,Tidak,Tidak,Tidak,Tidak,Tidak,Tidak,Ada,Tidak
Kost Teduh Tipe 3,Kecamatan Ciputat Timur,Malang,Rp900.000,Putri,Ada,Tidak,Tidak,Tidak,Tidak,Tidak,Tidak,Tidak,Tidak,Tidak,Tidak,Tidak,Tidak,Tidak
Kost Titut Tipe A,Pondok Aren,Malang,Rp1.050.000,Putri,Ada,Ada,Ada,Ada,Tidak,Tidak,Tidak,Tidak,Tidak,Tidak,Tidak,Tidak,Ada,Tidak
Kost Barlie House C2,Ciputat,Malang,Rp1.500.000,Campur,Ada,Ada,Ada,Ada,Ada,Tidak,Tidak,Tidak,Tidak,Tidak,Tidak,Tidak,Ada,Tidak
Kost Hidayah Tipe B1,Kecamatan Pondok Aren,Malang,Rp900.000,Putra,Ada,Tidak,Ada,Tidak,Ada,Tidak,Tidak,Tidak,Tidak,Tidak,Tidak,Tidak,Ada,Tidak
Kost Hidayah Tipe D,Kecamatan Pondok Aren,Malang,Rp950.000,Putra,Ada,Tidak,Ada,Tidak,Ada,Tidak,Tidak,Tidak,Tidak,Tidak,Tidak,Tidak,Ada,Tidak
Kost Elpiji Tipe F,Ciputat Timur,Jember,Rp950.000,Putri,Ada,Tidak,Ada,Ada,Tidak,Tidak,Tidak,Tidak,Tidak,Tidak,Tidak,Tidak,Ada,Tidak
Kost Granit VVIP,Kecamatan Pondok Aren,Jember,Rp1.300.000,Putra,Ada,Ada,Ada,Ada,Ada,Tidak,Tidak,Tidak,Tidak,Tidak,Tidak,Tidak,Ada,Tidak
Kost Hayashi Guest House,Pondok Aren,Jember,Rp1.500.000,Campur,Ada,Ada,Ada,Ada,Ada,Tidak,Tidak,Tidak,Tidak,Tidak,Tidak,Tidak,Ada,Tidak
Kost Hidayah Tipe C,Kecamatan Pondok Aren,Jember,Rp950.000,Putra,Ada,Tidak,Ada,Ada,Ada,Tidak,Tidak,Tidak,Tidak,Tidak,Tidak,Tidak,Ada,Tidak
Kost Of Danish Tipe A,Pondok Aren,Jember,Rp1.500.000,Putri,Ada,Ada,Ada,Tidak,Ada,Tidak,Tidak,Tidak,Tidak,Tidak,Tidak,Tidak,Ada,Tidak
Kost Puri Purbasari Co Living Studio Room 07,Kecamatan Pondok Aren,Jember,Rp1.950.000,Campur,Ada,Ada,Ada,Ada,Ada,Tidak,Tidak,Tidak,Tidak,Tidak,Tidak,Tidak,Ada,Tidak
Kost Bhyant Studio Vvip,Ciputat Timur,Jember,Rp1.615.000,Putri,Ada,Ada,Ada,Ada,Ada,Tidak,Tidak,Tidak,Tidak,Tidak,Tidak,Tidak,Ada,Tidak
Kost Kak Ethe Vip,Kecamatan Ciputat,Jember,Rp1.400.000,Campur,Ada,Ada,Ada,Ada,Ada,Tidak,Tidak,Tidak,Tidak,Tidak,Tidak,Tidak,Ada,Tidak
Kost Bhyant Studio Bintaro Pondok Ranji Paviliun Studio Selatan,Ciputat Timur,Jember,Rp1.615.000,Putri,Ada,Ada,Ada,Ada,Ada,Tidak,Tidak,Tidak,Tidak,Tidak,Tidak,Tidak,Ada,Tidak
Kost Dhomee Tipe Sedang,Kecamatan Ciputat Timur,Kediri,Rp1.900.000,Putri,Ada,Ada,Ada,Ada,Ada,Tidak,Tidak,Tidak,Tidak,Tidak,Tidak,Tidak,Ada,Tidak
Kost Bintaro Sektor 7 AA,Kecamatan Ciputat,Kediri,Rp1.550.000,Campur,Ada,Ada,Ada,Ada,Ada,Tidak,Tidak,Tidak,Tidak,Tidak,Tidak,Tidak,Tidak,Tidak
Kost Teduh Tipe Kamar Mandi Luar,Kecamatan Ciputat Timur,Kediri,Rp800.000,Putri,Ada,Tidak,Tidak,Tidak,Tidak,Tidak,Tidak,Tidak,Tidak,Tidak,Tidak,Tidak,Tidak,Tidak
Kost Bluesea,Kecamatan Pondok Aren,Mojokerto,Rp750.000,Putri,Ada,Tidak,Tidak,Tidak,Tidak,Tidak,Tidak,Tidak,Tidak,Tidak,Tidak,Tidak,Ada,Tidak
Kost Iris Vila,Kecamatan Pondok Aren,Lumajang,Rp1.300.000,Putri,Ada,Ada,Ada,Ada,Ada,Tidak,Tidak,Tidak,Tidak,Tidak,Tidak,Tidak,Ada,Tidak
